peer number,instance,avg,med,90th percentile,max,min
2,crdt-cs,12.155063291139241,11.0,20.0,45.0,4.0
2,crdt-p2p,11.136217948717949,10.0,16.0,39.0,3.0
2,ot,18.381493506493506,18.0,24.0,49.0,5.0
4,crdt-cs,14.74523052464229,13.0,25.0,60.0,3.0
4,crdt-p2p,15.010113268608414,13.0,25.0,55.0,3.0
4,ot,17.15480132450331,16.0,26.0,65.0,3.0
8,crdt-cs,18.255268595041322,16.0,30.0,58.0,3.0
8,crdt-p2p,19.754382303839733,18.5,32.0,66.0,3.0
8,ot,24.617616472545755,24.0,35.0,71.0,6.0
