peer number,instance,avg,med,90th percentile,max,min
2,crdt-cs,38.0,56.0,134.0,21.0
2,crdt-p2p,21.0,36.0,76.0,7.0
2,ot,84.0,120.30000000000001,168.0,48.0
4,crdt-cs,42.0,65.89999999999998,220.0,20.0
4,crdt-p2p,30.0,55.0,223.0,8.0
4,ot,86.0,148.0,1225.0,45.0
8,crdt-cs,56.0,103.0,308.0,21.5
8,crdt-p2p,47.0,101.0,313.0,8.0
8,ot,151.0,437.0,2010.0,48.0
