peer number,instance,avg,med,90th percentile,max,min
2,crdt-cs,39.49683544303797,38.0,56.0,134.0,21.0
2,crdt-p2p,23.302884615384617,21.0,36.0,76.0,7.0
2,ot,87.4237012987013,84.0,120.30000000000001,168.0,48.0
4,crdt-cs,46.097869811665745,42.0,65.89999999999998,220.0,20.0
4,crdt-p2p,34.00278592375366,30.0,55.0,223.0,8.0
4,ot,98.83842309827874,86.0,148.0,1225.0,45.0
8,crdt-cs,63.83843111173342,56.0,103.0,308.0,21.5
8,crdt-p2p,55.563627410562965,47.0,101.0,313.0,8.0
8,ot,235.61794251099263,151.0,437.0,2010.0,48.0
